--DATOS DE PRUEBA
USE Enrollment2021
GO

INSERT INTO TBL_Aulas(Tipo,Numero,Capacidad)
VALUES('SALÓN',1,10),('TALLER',1,10),('LABORATORIO',1,10),
	('SALÓN',2,10),('TALLER',2,10),('LABORATORIO',2,10),
	('SALÓN',3,10),('TALLER',3,10),('LABORATORIO',3,10)

INSERT INTO TBL_Careers(NameC,Credits,Degree)
VALUES('INFORMÁTICA EMPRESARIAL',80,'BACHILLERATO'),
	('RECURSOS NATURALES',80,'DIPLOMADO'),
	('ENSEÑANZA DEL INGLES',80,'MAESTRÍA'),
	('LABORATORISTA QUIMICO',80,'LICENCIATURA')

INSERT INTO TBL_Matters(Code,NameM, Credits, Erased)
VALUES('IP0001','INTRODUCCIÓN A LA PROGRAMACIÓN',3,0),
	('IA0002','ADMINISTRACIÓN DE EMPRESAS',3,0),
	('MA0001','MATEMÁTICA BÁSICA',3,0),
	('MA0002','CALCULO I',3,0),
	('MA0003','CALCULO II',3,0),
	('EI0001','TECNICAS DE LECTURA EN INGLES',3,0),
	('PQ0001','PRINCIPIOS DE QUIMICA',3,0)

INSERT INTO TBL_CareerMatter(CareerCode,MatterCode,Requirement,Corequisite,Erased)
VALUES(1,'IP0001',NULL,NULL,0),(1,'IA0002','IP0001',NULL,0),(1,'MA0001',NULL,NULL,0),
	(1,'MA0002','MA0001',NULL,0),(1,'MA0003','MA0001',NULL,0),(3,'EI0001',NULL,NULL,0)

INSERT INTO TBL_Profesors(ID,NameP,FLastName,SLastName,Phone,Email,Erased)
VALUES('1-1111-1111','JORGE','ALARCON','PEREIRA','1111111','J@GMAIL.COM',0),
	('2-2222-2222','MARCIO','DULIPA','GRANDE','22222222','M@GMAIL.COM',0),
	('3-3333-3333','RAMIRO','LOPEZ','SEGUNDA','33333333','J@GMAIL.COM',0),
	('4-4444-4444','RODRIGO','PAISANO','ECUADOR','1111111','J@GMAIL.COM',0),
	('5-5555-5555','TIBURCIO','FEMINISTA','HITLER','1111111','J@GMAIL.COM',0)

INSERT INTO TBL_Students(LICENSE,ID,NameS,FLastName,SLastName,Phone,Email,Province,Canton,District,
						OthersSigns,AdmissionDate,Discount,StateS,Erased)
VALUES('C00001','1-1111-1111','DELL','INSPIRON','BOOK','11111111','1@GMAIL.COM','ALAJUELA','ALAJUELA',
		'ALAJUELA','CASA DE ALTO','20211125',0,'INA',0),
		('C00002','2-2222-2222','MACINTHOSH','PREMIERE','NOTE','22222222','2@GMAIL.COM','CARTAGO','CARTAGO',
		'CARTAGO','CASA AZUL','20211125',0,'INA',0),
		('C00003','3-3333-3333','FENISSIO','CASSANI','AMADOR','33333333','3@GMAIL.COM','LIMÓN','LIMON',
		'LIMON','PATA DE PALO','20211125',0,'INA',0),
		('C00004','4-4444-4444','ROMAN','AGUINAGA','LORENZO','44444444','4@GMAIL.COM','PUNTARENAS','PUNTARENAS',
		'PUNTARENAS','CASA NARANJA','20211125',0,'INA',0),
		('C00005','5-5555-5555','PANZA','DE LUZ','ORQUIDEA','55555555','5@GMAIL.COM','GUANACASTE','GUANACASTE',
		'GUANACASTE','CASA VERDE','20211125',0,'INA',0)